[
  {
    "id": "8a209369-4c02-4691-8be4-9dfe097acfd5",
    "data": [
      {
        "text": "manya",
        "meta": "@sys.person",
        "alias": "person",
        "userDefined": false
      }
    ],
    "isTemplate": false,
    "count": 0,
    "lang": "en",
    "updated": 0
  },
  {
    "id": "496b0aba-8bdf-456d-80ff-516fd05994dc",
    "data": [
      {
        "text": "hello i am ",
        "userDefined": false
      },
      {
        "text": "moksh bansal",
        "meta": "@sys.person",
        "alias": "person",
        "userDefined": false
      }
    ],
    "isTemplate": false,
    "count": 0,
    "lang": "en",
    "updated": 0
  },
  {
    "id": "8d18e28d-a2c7-4a7c-a6b7-c8400690fd4a",
    "data": [
      {
        "text": "hi my name is ",
        "userDefined": false
      },
      {
        "text": "amit jain",
        "meta": "@sys.person",
        "alias": "person",
        "userDefined": false
      }
    ],
    "isTemplate": false,
    "count": 0,
    "lang": "en",
    "updated": 0
  },
  {
    "id": "eab573c7-53bd-4639-97cc-2f78d6f1d946",
    "data": [
      {
        "text": "ritu garg",
        "meta": "@sys.person",
        "alias": "person",
        "userDefined": false
      },
      {
        "text": " is my name",
        "userDefined": false
      }
    ],
    "isTemplate": false,
    "count": 0,
    "lang": "en",
    "updated": 0
  },
  {
    "id": "a743e73d-1c28-4985-900b-9fabf55ce3a2",
    "data": [
      {
        "text": "you can call me ",
        "userDefined": false
      },
      {
        "text": "samikshaa",
        "meta": "@sys.person",
        "alias": "person",
        "userDefined": false
      }
    ],
    "isTemplate": false,
    "count": 0,
    "lang": "en",
    "updated": 0
  },
  {
    "id": "9c513c59-088b-4594-ab58-2b023ddfdf58",
    "data": [
      {
        "text": "i\u0027m ",
        "userDefined": false
      },
      {
        "text": "john",
        "meta": "@sys.person",
        "alias": "person",
        "userDefined": false
      }
    ],
    "isTemplate": false,
    "count": 0,
    "lang": "en",
    "updated": 0
  },
  {
    "id": "14044700-8cd6-47e5-b67a-9ea930a60af6",
    "data": [
      {
        "text": "i am ",
        "userDefined": false
      },
      {
        "text": "parul jain.",
        "meta": "@sys.person",
        "alias": "person",
        "userDefined": true
      }
    ],
    "isTemplate": false,
    "count": 0,
    "lang": "en",
    "updated": 0
  },
  {
    "id": "0921f309-5789-4478-9036-2ec9689df503",
    "data": [
      {
        "text": "my name is ",
        "userDefined": false
      },
      {
        "text": "manya",
        "meta": "@sys.person",
        "alias": "person",
        "userDefined": false
      },
      {
        "text": ".",
        "userDefined": false
      }
    ],
    "isTemplate": false,
    "count": 0,
    "lang": "en",
    "updated": 0
  }
]