[
  {
    "id": "26726405-c05b-43bb-9448-fb17adb11d66",
    "data": [
      {
        "text": "what can you help me with",
        "userDefined": false
      }
    ],
    "isTemplate": false,
    "count": 0,
    "lang": "en",
    "updated": 0
  },
  {
    "id": "b1979b02-6e55-422f-ad8f-0d6559dd7b27",
    "data": [
      {
        "text": "wat are your features",
        "userDefined": false
      }
    ],
    "isTemplate": false,
    "count": 0,
    "lang": "en",
    "updated": 0
  },
  {
    "id": "34b050c0-333f-4d49-a8d1-650d50c220a1",
    "data": [
      {
        "text": "what can you do",
        "userDefined": false
      }
    ],
    "isTemplate": false,
    "count": 0,
    "lang": "en",
    "updated": 0
  },
  {
    "id": "58f59ef4-2cd0-4ac5-9cf7-e48953c436e2",
    "data": [
      {
        "text": "what features you have",
        "userDefined": false
      }
    ],
    "isTemplate": false,
    "count": 0,
    "lang": "en",
    "updated": 0
  },
  {
    "id": "47b19918-724d-4551-8d79-526f9fa2e569",
    "data": [
      {
        "text": "what services you offer",
        "userDefined": false
      }
    ],
    "isTemplate": false,
    "count": 0,
    "lang": "en",
    "updated": 0
  },
  {
    "id": "59497a0b-05d3-42b7-9df9-cd3929277595",
    "data": [
      {
        "text": "different services",
        "userDefined": false
      }
    ],
    "isTemplate": false,
    "count": 0,
    "lang": "en",
    "updated": 0
  },
  {
    "id": "d52f59ba-0636-4c9e-8dd4-d405fba09079",
    "data": [
      {
        "text": "services",
        "userDefined": false
      }
    ],
    "isTemplate": false,
    "count": 0,
    "lang": "en",
    "updated": 0
  },
  {
    "id": "e80b481b-ea56-4b4b-bd4f-c99aff31bfbc",
    "data": [
      {
        "text": "what are the services",
        "userDefined": false
      }
    ],
    "isTemplate": false,
    "count": 0,
    "lang": "en",
    "updated": 0
  },
  {
    "id": "6430b665-0188-4b5c-9681-d7528803c61b",
    "data": [
      {
        "text": "Could you give me an overview of the services you offer?",
        "userDefined": false
      }
    ],
    "isTemplate": false,
    "count": 0,
    "lang": "en",
    "updated": 0
  },
  {
    "id": "d8952544-1728-49f4-83eb-b823e3a239b7",
    "data": [
      {
        "text": "I\u0027m interested in learning about the range of services you provide.",
        "userDefined": false
      }
    ],
    "isTemplate": false,
    "count": 0,
    "lang": "en",
    "updated": 0
  },
  {
    "id": "d952c473-2ed6-4439-882a-e840aac2a8f2",
    "data": [
      {
        "text": "I\u0027m curious about the services offered. Can you provide some information?",
        "userDefined": false
      }
    ],
    "isTemplate": false,
    "count": 0,
    "lang": "en",
    "updated": 0
  },
  {
    "id": "4d39bee4-944c-4e83-b00b-dc31288ba758",
    "data": [
      {
        "text": "What kind of services do you provide?",
        "userDefined": false
      }
    ],
    "isTemplate": false,
    "count": 0,
    "lang": "en",
    "updated": 0
  },
  {
    "id": "f173a8bb-f79c-4a44-b8b7-9b8198469c4f",
    "data": [
      {
        "text": "what services do you offer",
        "userDefined": false
      }
    ],
    "isTemplate": false,
    "count": 0,
    "lang": "en",
    "updated": 0
  }
]