[
  {
    "id": "6354808e-60c7-45ab-94e1-cffd3072d8b9",
    "data": [
      {
        "text": "weather",
        "userDefined": false
      }
    ],
    "isTemplate": false,
    "count": 0,
    "lang": "en",
    "updated": 0
  },
  {
    "id": "10f35c83-15ac-403f-91f6-b2d9367d8d5c",
    "data": [
      {
        "text": "weather in ",
        "userDefined": false
      },
      {
        "text": "new york",
        "meta": "@sys.geo-city",
        "alias": "geo-city",
        "userDefined": false
      }
    ],
    "isTemplate": false,
    "count": 0,
    "lang": "en",
    "updated": 0
  }
]