[
  {
    "id": "a7b3f4bd-3f27-446a-9143-0ed8a3eba3ae",
    "data": [
      {
        "text": "wonderful, thanks",
        "userDefined": false
      }
    ],
    "isTemplate": false,
    "count": 0,
    "lang": "en",
    "updated": 0
  },
  {
    "id": "1fb157bd-80e1-488a-b501-66c831f9cb9a",
    "data": [
      {
        "text": "Awesome, thank you",
        "userDefined": false
      }
    ],
    "isTemplate": false,
    "count": 0,
    "lang": "en",
    "updated": 0
  },
  {
    "id": "78edbe6a-805f-4a73-989d-1ec6735a24ca",
    "data": [
      {
        "text": "Thank you for your time",
        "userDefined": false
      }
    ],
    "isTemplate": false,
    "count": 0,
    "lang": "en",
    "updated": 0
  },
  {
    "id": "0c900669-a504-4b94-87f8-f7fe4039c706",
    "data": [
      {
        "text": "Thank you for your assistance",
        "userDefined": false
      }
    ],
    "isTemplate": false,
    "count": 0,
    "lang": "en",
    "updated": 0
  },
  {
    "id": "17404a12-38cd-47a3-92ea-2e1acc6ca1f6",
    "data": [
      {
        "text": "thx",
        "userDefined": false
      }
    ],
    "isTemplate": false,
    "count": 1,
    "lang": "en",
    "updated": 0
  },
  {
    "id": "25296c61-92ba-4ec6-871d-e0b537b655db",
    "data": [
      {
        "text": "I really appreciate it",
        "userDefined": false
      }
    ],
    "isTemplate": false,
    "count": 0,
    "lang": "en",
    "updated": 0
  },
  {
    "id": "6bd89c1a-6f2f-4281-94aa-371d6abff28c",
    "data": [
      {
        "text": "thankyou very much",
        "userDefined": false
      }
    ],
    "isTemplate": false,
    "count": 0,
    "lang": "en",
    "updated": 0
  },
  {
    "id": "7b48d77a-7081-4e8f-9a12-c1b517f1c551",
    "data": [
      {
        "text": "thanks much",
        "userDefined": false
      }
    ],
    "isTemplate": false,
    "count": 0,
    "lang": "en",
    "updated": 0
  },
  {
    "id": "0e90ff8f-e726-4d3b-ad0a-7e11a53ee61f",
    "data": [
      {
        "text": "thanks a lot",
        "userDefined": false
      }
    ],
    "isTemplate": false,
    "count": 0,
    "lang": "en",
    "updated": 0
  },
  {
    "id": "ff29271b-d766-48d5-8976-0d01add069fb",
    "data": [
      {
        "text": "thenku",
        "userDefined": false
      }
    ],
    "isTemplate": false,
    "count": 0,
    "lang": "en",
    "updated": 0
  },
  {
    "id": "19933c21-8dd0-4d56-bcc9-83e77bee6264",
    "data": [
      {
        "text": "thankx",
        "userDefined": false
      }
    ],
    "isTemplate": false,
    "count": 0,
    "lang": "en",
    "updated": 0
  },
  {
    "id": "9a17bdf7-bf5e-442f-ab7a-1dadfaf77eb0",
    "data": [
      {
        "text": "thanks",
        "userDefined": false
      }
    ],
    "isTemplate": false,
    "count": 0,
    "lang": "en",
    "updated": 0
  },
  {
    "id": "411fdc4d-aa3f-49f2-ac54-0e56b4e2de48",
    "data": [
      {
        "text": "thank",
        "userDefined": false
      }
    ],
    "isTemplate": false,
    "count": 1,
    "lang": "en",
    "updated": 0
  },
  {
    "id": "7d19b937-fb3d-4db6-8043-28ea301ab2ce",
    "data": [
      {
        "text": "thankyou",
        "userDefined": false
      }
    ],
    "isTemplate": false,
    "count": 0,
    "lang": "en",
    "updated": 0
  },
  {
    "id": "241ba34e-e69d-437e-a916-64b6f6b34601",
    "data": [
      {
        "text": "thankyou for helping me out",
        "userDefined": false
      }
    ],
    "isTemplate": false,
    "count": 1,
    "lang": "en",
    "updated": 0
  }
]