[
  {
    "id": "29c2fb55-0dcd-43de-9fe4-becc189cf435",
    "data": [
      {
        "text": "whats going on",
        "userDefined": false
      }
    ],
    "isTemplate": false,
    "count": 0,
    "lang": "en",
    "updated": 0
  },
  {
    "id": "4013a1e5-94d9-4816-8bd7-cc1a586ce118",
    "data": [
      {
        "text": "how are you feeling",
        "userDefined": false
      }
    ],
    "isTemplate": false,
    "count": 0,
    "lang": "en",
    "updated": 0
  },
  {
    "id": "9cdd81dd-f981-487d-9aa4-81117cbe3670",
    "data": [
      {
        "text": "what are you feeling ",
        "userDefined": false
      },
      {
        "text": "today",
        "meta": "@sys.date-time",
        "alias": "date-time",
        "userDefined": false
      }
    ],
    "isTemplate": false,
    "count": 0,
    "lang": "en",
    "updated": 0
  },
  {
    "id": "4cbfa92f-dd4a-4c50-bdc8-48c826eb67b2",
    "data": [
      {
        "text": "how do you feel today",
        "userDefined": false
      }
    ],
    "isTemplate": false,
    "count": 0,
    "lang": "en",
    "updated": 0
  },
  {
    "id": "b4bc797d-e653-43da-964e-001d10ab9be2",
    "data": [
      {
        "text": "whats up",
        "userDefined": false
      }
    ],
    "isTemplate": false,
    "count": 0,
    "lang": "en",
    "updated": 0
  },
  {
    "id": "1b51bd25-1908-40ff-87f7-3c59dcf27c77",
    "data": [
      {
        "text": "how is  everything",
        "userDefined": false
      }
    ],
    "isTemplate": false,
    "count": 0,
    "lang": "en",
    "updated": 0
  },
  {
    "id": "abe26099-549f-47ab-bfa6-e3280a55b741",
    "data": [
      {
        "text": "hows life",
        "userDefined": false
      }
    ],
    "isTemplate": false,
    "count": 0,
    "lang": "en",
    "updated": 0
  },
  {
    "id": "513ac017-3d7d-459d-bd6f-3e833e1d2cb5",
    "data": [
      {
        "text": "how are things lately",
        "userDefined": false
      }
    ],
    "isTemplate": false,
    "count": 1,
    "lang": "en",
    "updated": 0
  },
  {
    "id": "5f496f51-8310-48dd-8b79-2752c2324dd7",
    "data": [
      {
        "text": "how are things?",
        "userDefined": false
      }
    ],
    "isTemplate": false,
    "count": 0,
    "lang": "en",
    "updated": 0
  },
  {
    "id": "99184c11-522c-4e7f-869b-449f63dfab2b",
    "data": [
      {
        "text": "how are you doing",
        "userDefined": false
      }
    ],
    "isTemplate": false,
    "count": 0,
    "lang": "en",
    "updated": 0
  },
  {
    "id": "f32e3246-6004-430d-bdd9-27447c53f4c7",
    "data": [
      {
        "text": "how are you",
        "userDefined": false
      }
    ],
    "isTemplate": false,
    "count": 0,
    "lang": "en",
    "updated": 0
  }
]