[
  {
    "id": "899d90a9-efc0-47c8-9bf8-a2d745299e00",
    "data": [
      {
        "text": "who?",
        "userDefined": false
      }
    ],
    "isTemplate": false,
    "count": 0,
    "lang": "en",
    "updated": 0
  },
  {
    "id": "6293dadb-1478-49e6-be85-815fdd47237b",
    "data": [
      {
        "text": "who are you?",
        "userDefined": false
      }
    ],
    "isTemplate": false,
    "count": 0,
    "lang": "en",
    "updated": 0
  },
  {
    "id": "c6f846e9-51c9-4564-9fe7-687941b7f923",
    "data": [
      {
        "text": "your name?",
        "userDefined": false
      }
    ],
    "isTemplate": false,
    "count": 0,
    "lang": "en",
    "updated": 0
  },
  {
    "id": "48838d4e-fa12-441e-b901-86698ae0060e",
    "data": [
      {
        "text": "tell me your name.",
        "userDefined": false
      }
    ],
    "isTemplate": false,
    "count": 0,
    "lang": "en",
    "updated": 0
  },
  {
    "id": "1228b129-e3cf-41cf-8143-4415f861a244",
    "data": [
      {
        "text": "may i know your name?",
        "userDefined": false
      }
    ],
    "isTemplate": false,
    "count": 0,
    "lang": "en",
    "updated": 0
  },
  {
    "id": "68fa4297-ad59-4a39-a56d-93294cc97c91",
    "data": [
      {
        "text": "what\u0027s your name?",
        "userDefined": false
      }
    ],
    "isTemplate": false,
    "count": 0,
    "lang": "en",
    "updated": 0
  },
  {
    "id": "47ee9fec-3e53-4be3-bb88-860d32ca2e0b",
    "data": [
      {
        "text": "name?",
        "userDefined": false
      }
    ],
    "isTemplate": false,
    "count": 0,
    "lang": "en",
    "updated": 0
  },
  {
    "id": "eed5f80b-0220-4ca8-94f9-f230addc62a5",
    "data": [
      {
        "text": "what are you called?",
        "userDefined": false
      }
    ],
    "isTemplate": false,
    "count": 0,
    "lang": "en",
    "updated": 0
  },
  {
    "id": "f37ed40d-1ad5-4a1f-8096-867517271411",
    "data": [
      {
        "text": "Can you tell me your name?",
        "userDefined": false
      }
    ],
    "isTemplate": false,
    "count": 0,
    "lang": "en",
    "updated": 0
  },
  {
    "id": "1c452078-171c-49ba-833c-2baa7ca15ae4",
    "data": [
      {
        "text": "what is you name?",
        "userDefined": false
      }
    ],
    "isTemplate": false,
    "count": 0,
    "lang": "en",
    "updated": 0
  },
  {
    "id": "905f37f8-e7e0-4ade-b3f0-ca4bdd11cc68",
    "data": [
      {
        "text": "hi, what is your name?",
        "userDefined": false
      }
    ],
    "isTemplate": false,
    "count": 0,
    "lang": "en",
    "updated": 0
  }
]