[
  {
    "id": "6916c440-0ade-4ab6-a253-6be6e22fed99",
    "data": [
      {
        "text": "can you give me an answer to the following question",
        "userDefined": false
      }
    ],
    "isTemplate": false,
    "count": 0,
    "lang": "en",
    "updated": 0
  },
  {
    "id": "221192dc-0777-43e8-90ff-e01cc6d4fb8d",
    "data": [
      {
        "text": "can me tell about",
        "userDefined": false
      }
    ],
    "isTemplate": false,
    "count": 0,
    "lang": "en",
    "updated": 0
  },
  {
    "id": "fe93aadf-a53b-4544-9c9a-c2ae8a211bf1",
    "data": [
      {
        "text": "can you give me an answer",
        "userDefined": false
      }
    ],
    "isTemplate": false,
    "count": 0,
    "lang": "en",
    "updated": 0
  },
  {
    "id": "2bccafcc-c857-44f0-9340-377dd1bf8117",
    "data": [
      {
        "text": "can you tell me",
        "userDefined": false
      }
    ],
    "isTemplate": false,
    "count": 0,
    "lang": "en",
    "updated": 0
  },
  {
    "id": "7dc08ac6-ea0b-445f-bfbd-3ca27e83f0f3",
    "data": [
      {
        "text": "i want to ask one more question",
        "userDefined": false
      }
    ],
    "isTemplate": false,
    "count": 0,
    "lang": "en",
    "updated": 0
  },
  {
    "id": "b6ba3707-fdf3-4814-8ae3-76ae6a825ec5",
    "data": [
      {
        "text": "additionally i have a question",
        "userDefined": false
      }
    ],
    "isTemplate": false,
    "count": 0,
    "lang": "en",
    "updated": 0
  },
  {
    "id": "9d6db360-189d-4370-aff9-5d365139b4a7",
    "data": [
      {
        "text": "additionally i want to sak",
        "userDefined": false
      }
    ],
    "isTemplate": false,
    "count": 0,
    "lang": "en",
    "updated": 0
  },
  {
    "id": "60727e9b-d977-47dc-a535-f4ced261b7b5",
    "data": [
      {
        "text": "additionally i wanted to ask",
        "userDefined": false
      }
    ],
    "isTemplate": false,
    "count": 0,
    "lang": "en",
    "updated": 0
  },
  {
    "id": "638f5f60-82e8-4778-bfb5-8fdc6babad60",
    "data": [
      {
        "text": "i have a question",
        "userDefined": false
      }
    ],
    "isTemplate": false,
    "count": 0,
    "lang": "en",
    "updated": 0
  }
]