[
  {
    "id": "2ad8dc6f-133d-48bb-8e0c-06594927e2a5",
    "data": [
      {
        "text": "i have to leave now",
        "userDefined": false
      }
    ],
    "isTemplate": false,
    "count": 0,
    "lang": "en",
    "updated": 0
  },
  {
    "id": "acde76bb-7511-4b9a-963b-54d4907c14f5",
    "data": [
      {
        "text": "i have to go now",
        "userDefined": false
      }
    ],
    "isTemplate": false,
    "count": 0,
    "lang": "en",
    "updated": 0
  },
  {
    "id": "6a501c83-9229-4226-8978-005351f42fde",
    "data": [
      {
        "text": "catch you later",
        "userDefined": false
      }
    ],
    "isTemplate": false,
    "count": 0,
    "lang": "en",
    "updated": 0
  },
  {
    "id": "8ec10244-4f23-4160-904a-ac49dafda944",
    "data": [
      {
        "text": "ciao",
        "userDefined": false
      }
    ],
    "isTemplate": false,
    "count": 0,
    "lang": "en",
    "updated": 0
  },
  {
    "id": "5874fd7e-de39-461b-8651-9d2ee6ddd254",
    "data": [
      {
        "text": "talk to you later",
        "userDefined": false
      }
    ],
    "isTemplate": false,
    "count": 0,
    "lang": "en",
    "updated": 0
  },
  {
    "id": "acad56a7-0f9f-468b-907f-dea826bb5e72",
    "data": [
      {
        "text": "see you soon",
        "userDefined": false
      }
    ],
    "isTemplate": false,
    "count": 0,
    "lang": "en",
    "updated": 0
  },
  {
    "id": "0d00a5a6-b018-432d-a0c2-7cc4951cd401",
    "data": [
      {
        "text": "later",
        "userDefined": false
      }
    ],
    "isTemplate": false,
    "count": 0,
    "lang": "en",
    "updated": 0
  },
  {
    "id": "acf15034-e914-48ce-a337-aeff875dfa8d",
    "data": [
      {
        "text": "see you later",
        "userDefined": false
      }
    ],
    "isTemplate": false,
    "count": 0,
    "lang": "en",
    "updated": 0
  },
  {
    "id": "9d819e01-795d-4173-8ac0-68dc0be945e8",
    "data": [
      {
        "text": "take care",
        "userDefined": false
      }
    ],
    "isTemplate": false,
    "count": 0,
    "lang": "en",
    "updated": 0
  },
  {
    "id": "6dfc7081-267e-48dd-93c5-0c33f1dfd65c",
    "data": [
      {
        "text": "goodbye!",
        "userDefined": false
      }
    ],
    "isTemplate": false,
    "count": 0,
    "lang": "en",
    "updated": 0
  },
  {
    "id": "6f476c31-109d-43e9-a923-1d9cd7006606",
    "data": [
      {
        "text": "bye!",
        "userDefined": false
      }
    ],
    "isTemplate": false,
    "count": 0,
    "lang": "en",
    "updated": 0
  }
]