[
  {
    "id": "8307e19a-a806-4bc2-a9d3-34f87e8bbc34",
    "data": [
      {
        "text": "are you secure",
        "userDefined": false
      }
    ],
    "isTemplate": false,
    "count": 0,
    "lang": "en",
    "updated": 0
  },
  {
    "id": "720872e6-1c82-4f03-ae47-8fd028cc8182",
    "data": [
      {
        "text": "is the platform secure",
        "userDefined": false
      }
    ],
    "isTemplate": false,
    "count": 0,
    "lang": "en",
    "updated": 0
  },
  {
    "id": "cb4b7c3f-94c2-4905-b595-de6004d960ee",
    "data": [
      {
        "text": "is it secure",
        "userDefined": false
      }
    ],
    "isTemplate": false,
    "count": 0,
    "lang": "en",
    "updated": 0
  },
  {
    "id": "fc50322e-9b6a-4370-bcbb-a8361829cec0",
    "data": [
      {
        "text": "tell me about security",
        "userDefined": false
      }
    ],
    "isTemplate": false,
    "count": 0,
    "lang": "en",
    "updated": 0
  },
  {
    "id": "0db004bb-46e1-42ac-be75-0460012b13fc",
    "data": [
      {
        "text": "secure",
        "userDefined": false
      }
    ],
    "isTemplate": false,
    "count": 0,
    "lang": "en",
    "updated": 0
  },
  {
    "id": "887b5a53-5f8b-4a1f-aa60-df81e80be2dc",
    "data": [
      {
        "text": "security",
        "userDefined": false
      }
    ],
    "isTemplate": false,
    "count": 0,
    "lang": "en",
    "updated": 0
  },
  {
    "id": "23d475c0-db46-47b3-9c08-bfe2fd99f60d",
    "data": [
      {
        "text": "tell me hoe secure it is",
        "userDefined": false
      }
    ],
    "isTemplate": false,
    "count": 0,
    "lang": "en",
    "updated": 0
  },
  {
    "id": "6002f7d1-f3c0-4c53-a80b-2c0e7215d7dc",
    "data": [
      {
        "text": "Can you discuss the level of security offered by your platform?",
        "userDefined": false
      }
    ],
    "isTemplate": false,
    "count": 0,
    "lang": "en",
    "updated": 0
  },
  {
    "id": "eafdcd90-d30a-4d6d-a8d7-f6dd52fe0a62",
    "data": [
      {
        "text": "How reliable is the security infrastructure of your platform?",
        "userDefined": false
      }
    ],
    "isTemplate": false,
    "count": 0,
    "lang": "en",
    "updated": 0
  },
  {
    "id": "c57c432f-7833-4734-b0dd-8768bded9a9a",
    "data": [
      {
        "text": "Could you elaborate on the security protocols implemented in your platform?",
        "userDefined": false
      }
    ],
    "isTemplate": false,
    "count": 0,
    "lang": "en",
    "updated": 0
  },
  {
    "id": "f8490299-c699-4d28-a361-90bbddba7642",
    "data": [
      {
        "text": "I\u0027m concerned about security. Can you reassure me about your platform\u0027s safety",
        "userDefined": false
      }
    ],
    "isTemplate": false,
    "count": 0,
    "lang": "en",
    "updated": 0
  },
  {
    "id": "48da7b8a-4d34-4052-923a-aa5872b22b5e",
    "data": [
      {
        "text": "How safe is it to use your platform?",
        "userDefined": false
      }
    ],
    "isTemplate": false,
    "count": 0,
    "lang": "en",
    "updated": 0
  },
  {
    "id": "253765a6-938e-47c6-a4dd-1341c94e36d2",
    "data": [
      {
        "text": "Can you provide information about the security of your platform?",
        "userDefined": false
      }
    ],
    "isTemplate": false,
    "count": 0,
    "lang": "en",
    "updated": 0
  },
  {
    "id": "e2bea94d-7f05-421b-90f5-f6b983d57b54",
    "data": [
      {
        "text": "How secure is your platform?",
        "userDefined": false
      }
    ],
    "isTemplate": false,
    "count": 0,
    "lang": "en",
    "updated": 0
  }
]